ID,label
0,horse
1,elephant
2,horse
3,horse
4,guitar
5,dog
6,horse
7,elephant
8,horse
9,person
10,dog
11,dog
12,dog
13,dog
14,horse
15,horse
16,guitar
17,horse
18,horse
19,guitar
20,horse
21,guitar
22,dog
23,elephant
24,horse
25,elephant
26,horse
27,person
28,horse
29,person
30,elephant
31,elephant
32,horse
33,horse
34,person
35,guitar
36,person
37,elephant
38,guitar
39,person
40,guitar
41,person
42,guitar
43,horse
44,elephant
45,horse
46,horse
47,horse
48,dog
49,horse
50,elephant
51,dog
52,elephant
53,horse
54,horse
55,giraffe
56,guitar
57,horse
58,horse
59,dog
60,guitar
61,elephant
62,horse
63,horse
64,horse
65,horse
66,dog
67,elephant
68,elephant
69,elephant
70,horse
71,horse
72,guitar
73,guitar
74,giraffe
75,guitar
76,person
77,guitar
78,guitar
79,guitar
80,dog
81,guitar
82,horse
83,guitar
84,guitar
85,dog
86,horse
87,person
88,elephant
89,guitar
90,dog
91,elephant
92,horse
93,dog
94,house
95,horse
96,guitar
97,person
98,dog
99,person
100,horse
101,person
102,horse
103,horse
104,dog
105,horse
106,horse
107,horse
108,dog
109,dog
110,person
111,guitar
112,horse
113,elephant
114,guitar
115,horse
116,dog
117,elephant
118,horse
119,elephant
120,elephant
121,elephant
122,person
123,horse
124,horse
125,guitar
126,horse
127,guitar
128,dog
129,elephant
130,person
131,elephant
132,dog
133,guitar
134,person
135,dog
136,dog
137,elephant
138,elephant
139,elephant
140,dog
141,dog
142,dog
143,guitar
144,person
145,horse
146,horse
147,dog
148,dog
149,elephant
150,horse
151,person
152,horse
153,horse
154,horse
155,guitar
156,horse
157,dog
158,person
159,dog
160,horse
161,horse
162,dog
163,dog
164,horse
165,guitar
166,horse
167,dog
168,elephant
169,dog
170,horse
171,horse
172,horse
173,giraffe
174,elephant
175,person
176,dog
177,dog
178,guitar
179,dog
180,horse
181,horse
182,horse
183,guitar
184,guitar
185,horse
186,guitar
187,person
188,elephant
189,horse
190,dog
191,horse
192,elephant
193,horse
194,horse
195,dog
196,dog
197,horse
198,horse
199,horse
200,guitar
201,elephant
202,dog
203,horse
204,person
205,guitar
206,horse
207,horse
208,elephant
209,elephant
210,guitar
211,elephant
212,guitar
213,horse
214,elephant
215,horse
216,dog
217,horse
218,dog
219,horse
220,elephant
221,horse
222,guitar
223,dog
224,dog
225,elephant
226,horse
227,horse
228,horse
229,horse
230,elephant
231,guitar
232,horse
233,horse
234,elephant
235,horse
236,horse
237,dog
238,guitar
239,elephant
240,elephant
241,elephant
242,horse
243,guitar
244,horse
245,dog
246,guitar
247,guitar
248,dog
249,dog
250,dog
251,person
252,dog
253,dog
254,horse
255,guitar
256,elephant
257,person
258,guitar
259,dog
260,horse
261,dog
262,guitar
263,guitar
264,horse
265,person
266,horse
267,guitar
268,elephant
269,horse
270,person
271,dog
272,guitar
273,elephant
274,horse
275,elephant
276,horse
277,guitar
278,horse
279,dog
280,elephant
281,dog
282,dog
283,elephant
284,horse
285,dog
286,dog
287,giraffe
288,elephant
289,elephant
290,elephant
291,horse
292,horse
293,elephant
294,horse
295,horse
296,elephant
297,horse
298,elephant
299,dog
300,horse
301,dog
302,elephant
303,elephant
304,guitar
305,elephant
306,guitar
307,horse
308,horse
309,horse
310,dog
311,horse
312,dog
313,elephant
314,horse
315,horse
316,dog
317,horse
318,horse
319,guitar
320,dog
321,dog
322,horse
323,horse
324,elephant
325,dog
326,elephant
327,guitar
328,horse
329,horse
330,elephant
331,guitar
332,dog
333,person
334,person
335,horse
336,guitar
337,horse
338,elephant
339,person
340,elephant
341,guitar
342,horse
343,horse
344,guitar
345,horse
346,dog
347,elephant
348,dog
349,horse
350,horse
351,horse
352,elephant
353,elephant
354,person
355,guitar
356,horse
357,elephant
358,guitar
359,horse
360,person
361,horse
362,guitar
363,guitar
364,horse
365,dog
366,giraffe
367,person
368,horse
369,dog
370,guitar
371,guitar
372,elephant
373,elephant
374,elephant
375,horse
376,horse
377,guitar
378,horse
379,guitar
380,guitar
381,elephant
382,horse
383,elephant
384,guitar
385,horse
386,elephant
387,dog
388,person
389,horse
390,horse
391,guitar
392,elephant
393,elephant
394,elephant
395,person
396,dog
397,guitar
398,person
399,horse
400,horse
401,elephant
402,dog
403,horse
404,horse
405,elephant
406,person
407,horse
408,person
409,dog
410,horse
411,elephant
412,person
413,dog
414,horse
415,guitar
416,horse
417,dog
418,dog
419,horse
420,person
421,person
422,person
423,guitar
424,giraffe
425,horse
426,horse
427,horse
428,guitar
429,horse
430,person
431,elephant
432,guitar
433,horse
434,guitar
435,person
436,horse
437,guitar
438,elephant
439,guitar
440,horse
441,horse
442,horse
443,dog
444,horse
445,guitar
446,elephant
447,horse
448,guitar
449,dog
450,person
451,horse
452,horse
453,dog
454,dog
455,person
456,dog
457,giraffe
458,horse
459,person
460,horse
461,dog
462,horse
463,dog
464,horse
465,horse
466,guitar
467,horse
468,person
469,horse
470,elephant
471,guitar
472,dog
473,horse
474,giraffe
475,horse
476,person
477,giraffe
478,horse
479,elephant
480,person
481,person
482,elephant
483,person
484,guitar
485,dog
486,horse
487,horse
488,person
489,horse
490,giraffe
491,dog
492,horse
493,dog
494,guitar
495,horse
496,dog
497,horse
498,horse
499,horse
500,elephant
501,dog
502,person
503,elephant
504,elephant
505,horse
506,horse
507,elephant
508,horse
509,horse
510,horse
511,horse
512,guitar
513,horse
514,horse
515,dog
516,elephant
517,dog
518,person
519,elephant
520,horse
521,horse
522,horse
523,horse
524,guitar
525,horse
526,elephant
527,person
528,horse
529,horse
530,horse
531,elephant
532,guitar
533,person
534,elephant
535,guitar
536,elephant
537,person
538,dog
539,guitar
540,guitar
541,person
542,guitar
543,horse
544,person
545,dog
546,horse
547,horse
548,elephant
549,person
550,giraffe
551,dog
552,guitar
553,dog
554,guitar
555,elephant
556,horse
557,dog
558,dog
559,guitar
560,person
561,guitar
562,horse
563,dog
564,person
565,person
566,horse
567,elephant
568,horse
569,dog
570,elephant
571,guitar
572,horse
573,elephant
574,horse
575,horse
576,elephant
577,horse
578,horse
579,horse
580,guitar
581,elephant
582,elephant
583,horse
584,horse
585,giraffe
586,dog
587,elephant
588,horse
589,horse
590,elephant
591,horse
592,horse
593,dog
594,elephant
595,horse
596,horse
597,person
598,horse
599,dog
600,dog
601,horse
602,horse
603,person
604,horse
605,dog
606,dog
607,person
608,dog
609,elephant
610,elephant
611,guitar
612,horse
613,horse
614,guitar
615,elephant
616,horse
617,horse
618,dog
619,horse
620,elephant
621,guitar
622,elephant
623,horse
624,horse
625,guitar
626,horse
627,elephant
628,elephant
629,person
630,horse
631,guitar
632,person
633,horse
634,horse
635,horse
636,horse
637,person
638,giraffe
639,person
640,dog
641,person
642,horse
643,dog
644,guitar
645,guitar
646,horse
647,horse
648,person
649,horse
650,horse
651,guitar
652,dog
653,dog
654,elephant
655,horse
656,guitar
657,dog
658,guitar
659,person
660,elephant
661,horse
662,dog
663,elephant
664,horse
665,dog
666,dog
667,elephant
668,person
669,person
670,elephant
671,horse
672,horse
673,horse
674,dog
675,elephant
676,elephant
677,elephant
678,person
679,guitar
680,horse
681,elephant
682,dog
683,dog
684,guitar
685,giraffe
686,elephant
687,dog
688,horse
689,horse
690,dog
691,horse
692,dog
693,guitar
694,horse
695,guitar
696,horse
697,guitar
698,horse
699,horse
700,horse
701,horse
702,elephant
703,person
704,dog
705,elephant
706,dog
707,horse
708,horse
709,horse
710,guitar
711,dog
712,horse
713,elephant
714,horse
715,person
716,dog
717,elephant
718,giraffe
719,horse
720,elephant
721,giraffe
722,horse
723,horse
724,guitar
725,elephant
726,horse
727,horse
728,horse
729,horse
730,horse
731,guitar
732,horse
733,guitar
734,elephant
735,person
736,horse
737,person
738,horse
739,horse
740,horse
741,horse
742,horse
743,elephant
744,elephant
745,person
746,horse
747,horse
748,horse
749,elephant
750,person
751,elephant
752,elephant
753,horse
754,horse
755,person
756,person
757,horse
758,horse
759,guitar
760,guitar
761,person
762,elephant
763,elephant
764,elephant
765,elephant
766,horse
767,horse
768,elephant
769,guitar
770,guitar
771,guitar
772,horse
773,horse
774,horse
775,elephant
776,elephant
777,guitar
778,person
779,elephant
780,horse
781,elephant
782,guitar
783,dog
784,elephant
785,guitar
786,horse
787,horse
788,horse
789,horse
790,horse
791,dog
792,guitar
793,person
794,horse
795,guitar
796,horse
797,elephant
798,horse
799,elephant
800,horse
801,guitar
802,elephant
803,horse
804,horse
805,guitar
806,person
807,elephant
808,horse
809,dog
810,horse
811,elephant
812,elephant
813,horse
814,person
815,horse
816,dog
817,horse
818,horse
819,guitar
820,person
821,elephant
822,horse
823,guitar
824,person
825,elephant
826,person
827,horse
828,horse
829,guitar
830,horse
831,dog
832,elephant
833,guitar
834,horse
835,guitar
836,dog
837,horse
838,elephant
839,horse
840,horse
841,horse
842,dog
843,elephant
844,guitar
845,horse
846,horse
847,dog
848,horse
849,person
850,dog
851,horse
852,elephant
853,person
854,dog
855,dog
856,dog
857,horse
858,guitar
859,horse
860,horse
861,elephant
862,elephant
863,guitar
864,horse
865,guitar
866,horse
867,horse
868,elephant
869,dog
870,horse
871,horse
872,person
873,dog
874,elephant
875,dog
876,horse
877,horse
878,elephant
879,elephant
880,horse
881,guitar
882,horse
883,horse
884,horse
885,horse
886,elephant
887,guitar
888,elephant
889,guitar
890,horse
891,horse
892,guitar
893,guitar
894,guitar
895,elephant
896,horse
897,giraffe
898,horse
899,guitar
900,dog
901,elephant
902,horse
903,horse
904,elephant
905,horse
906,horse
907,guitar
908,person
909,horse
910,horse
911,guitar
912,dog
913,horse
914,person
915,person
916,horse
917,elephant
918,horse
919,guitar
920,guitar
921,elephant
922,horse
923,elephant
924,person
925,person
926,elephant
927,horse
928,elephant
929,horse
930,guitar
931,elephant
932,elephant
933,elephant
934,dog
935,guitar
936,elephant
937,horse
938,dog
939,elephant
940,horse
941,person
942,horse
943,horse
944,dog
945,horse
946,dog
947,guitar
948,guitar
949,giraffe
950,horse
951,elephant
952,guitar
953,horse
954,elephant
955,dog
956,person
957,elephant
958,horse
959,horse
960,elephant
961,horse
962,horse
963,horse
964,person
965,dog
966,horse
967,horse
968,horse
969,person
970,horse
971,horse
972,horse
973,person
974,elephant
975,horse
976,guitar
977,elephant
978,elephant
979,horse
980,guitar
981,horse
982,elephant
983,guitar
984,dog
985,horse
986,horse
987,dog
988,dog
989,person
990,horse
991,horse
992,person
993,person
994,person
995,person
996,horse
997,horse
998,elephant
999,elephant
1000,horse
1001,horse
1002,elephant
1003,horse
1004,horse
1005,person
1006,horse
1007,horse
1008,guitar
1009,person
1010,dog
1011,horse
1012,horse
1013,elephant
1014,person
1015,horse
1016,dog
1017,elephant
1018,guitar
1019,horse
1020,person
1021,elephant
1022,horse
1023,elephant
1024,dog
1025,dog
1026,guitar
1027,horse
1028,horse
1029,guitar
1030,guitar
1031,guitar
1032,horse
1033,horse
1034,dog
1035,person
1036,guitar
1037,horse
1038,person
1039,dog
1040,horse
1041,horse
1042,elephant
1043,horse
1044,giraffe
1045,horse
1046,giraffe
1047,horse
1048,horse
1049,horse
1050,person
1051,guitar
1052,elephant
1053,horse
1054,guitar
1055,guitar
1056,horse
1057,guitar
1058,elephant
1059,horse
1060,guitar
1061,elephant
1062,elephant
1063,horse
1064,guitar
1065,elephant
1066,elephant
1067,dog
1068,elephant
1069,elephant
1070,dog
1071,elephant
1072,elephant
1073,elephant
1074,horse
1075,guitar
1076,horse
1077,horse
1078,guitar
1079,dog
1080,horse
1081,elephant
1082,dog
1083,person
1084,dog
1085,horse
1086,horse
1087,elephant
1088,guitar
1089,horse
1090,dog
1091,horse
1092,horse
1093,person
1094,dog
1095,horse
1096,dog
1097,horse
1098,horse
1099,giraffe
1100,dog
1101,dog
1102,guitar
1103,elephant
1104,house
1105,horse
1106,guitar
1107,horse
1108,dog
1109,elephant
1110,elephant
1111,horse
1112,horse
1113,elephant
1114,dog
1115,elephant
1116,horse
1117,guitar
1118,horse
1119,dog
1120,elephant
1121,guitar
1122,horse
1123,horse
1124,elephant
1125,horse
1126,horse
1127,dog
1128,dog
1129,horse
1130,horse
1131,horse
1132,guitar
1133,horse
1134,person
1135,guitar
1136,elephant
1137,elephant
1138,horse
1139,elephant
1140,elephant
1141,person
1142,horse
1143,guitar
1144,guitar
1145,horse
1146,person
1147,horse
1148,horse
1149,horse
1150,elephant
1151,horse
1152,elephant
1153,elephant
1154,elephant
1155,elephant
1156,guitar
1157,elephant
1158,elephant
1159,guitar
1160,person
1161,horse
1162,horse
1163,horse
1164,guitar
1165,giraffe
1166,horse
1167,person
1168,elephant
1169,horse
1170,person
1171,dog
1172,horse
1173,horse
1174,horse
1175,horse
1176,guitar
1177,elephant
1178,guitar
1179,horse
1180,elephant
1181,horse
1182,person
1183,elephant
1184,dog
1185,elephant
1186,elephant
1187,horse
1188,dog
1189,guitar
1190,horse
1191,horse
1192,elephant
1193,elephant
1194,horse
1195,dog
1196,elephant
1197,horse
1198,person
1199,dog
1200,guitar
1201,horse
1202,guitar
1203,elephant
1204,elephant
1205,horse
1206,house
1207,horse
1208,person
1209,horse
1210,giraffe
1211,dog
1212,horse
1213,guitar
1214,horse
1215,horse
1216,guitar
1217,horse
1218,guitar
1219,horse
1220,horse
1221,dog
1222,horse
1223,elephant
1224,dog
1225,horse
1226,horse
1227,guitar
1228,guitar
1229,guitar
1230,guitar
1231,guitar
1232,dog
1233,horse
1234,guitar
1235,giraffe
1236,horse
1237,dog
1238,horse
1239,dog
1240,elephant
1241,guitar
1242,horse
1243,horse
1244,horse
1245,horse
1246,guitar
1247,dog
1248,horse
1249,horse
1250,horse
1251,horse
1252,horse
1253,guitar
1254,elephant
1255,person
1256,guitar
1257,dog
1258,giraffe
1259,dog
1260,giraffe
1261,dog
1262,horse
1263,dog
1264,elephant
1265,elephant
1266,elephant
1267,horse
1268,horse
1269,elephant
1270,horse
1271,dog
1272,elephant
1273,dog
1274,horse
1275,person
1276,horse
1277,horse
1278,person
1279,dog
1280,horse
1281,dog
1282,elephant
1283,horse
1284,horse
1285,horse
1286,guitar
1287,elephant
1288,elephant
1289,horse
1290,elephant
1291,guitar
1292,dog
1293,guitar
1294,guitar
1295,horse
1296,horse
1297,horse
1298,elephant
1299,horse
1300,horse
1301,person
1302,guitar
1303,horse
1304,elephant
1305,guitar
1306,horse
1307,guitar
1308,horse
1309,person
1310,dog
1311,dog
1312,guitar
1313,dog
1314,horse
1315,horse
1316,person
1317,horse
1318,elephant
1319,elephant
1320,elephant
1321,horse
1322,dog
1323,horse
1324,horse
1325,guitar
1326,horse
1327,dog
1328,horse
1329,guitar
1330,person
1331,elephant
1332,dog
1333,guitar
1334,horse
1335,horse
1336,horse
1337,horse
1338,horse
1339,horse
1340,guitar
1341,elephant
1342,guitar
1343,dog
1344,guitar
1345,elephant
1346,guitar
1347,horse
1348,elephant
1349,elephant
1350,horse
1351,horse
1352,elephant
1353,horse
1354,elephant
1355,elephant
1356,guitar
1357,horse
1358,horse
1359,horse
1360,guitar
1361,guitar
1362,horse
1363,dog
1364,elephant
1365,dog
1366,horse
1367,elephant
1368,horse
1369,horse
1370,horse
1371,dog
1372,giraffe
1373,horse
1374,elephant
1375,guitar
1376,person
1377,person
1378,guitar
1379,elephant
1380,elephant
1381,horse
1382,dog
1383,guitar
1384,horse
1385,horse
1386,elephant
1387,dog
1388,dog
1389,horse
1390,dog
1391,horse
1392,horse
1393,person
1394,guitar
1395,house
1396,horse
1397,horse
1398,horse
1399,guitar
1400,dog
1401,guitar
1402,horse
1403,horse
1404,horse
1405,guitar
1406,guitar
1407,guitar
1408,horse
1409,horse
1410,person
1411,dog
1412,elephant
1413,horse
1414,horse
1415,person
1416,dog
1417,horse
1418,guitar
1419,guitar
1420,horse
1421,horse
1422,horse
1423,elephant
1424,elephant
1425,guitar
1426,elephant
1427,elephant
1428,horse
1429,dog
1430,person
1431,horse
1432,elephant
1433,horse
1434,horse
1435,person
1436,elephant
1437,horse
1438,person
1439,horse
1440,guitar
1441,horse
1442,horse
1443,giraffe
1444,horse
1445,horse
1446,horse
1447,elephant
1448,horse
1449,horse
1450,elephant
1451,horse
1452,horse
1453,guitar
1454,horse
1455,horse
1456,guitar
1457,horse
1458,guitar
1459,guitar
1460,horse
1461,horse
1462,elephant
1463,elephant
1464,dog
1465,horse
1466,guitar
1467,dog
1468,dog
1469,person
1470,guitar
1471,elephant
1472,horse
1473,elephant
1474,horse
1475,horse
1476,dog
1477,dog
1478,dog
1479,horse
1480,horse
1481,horse
1482,guitar
1483,guitar
1484,guitar
1485,elephant
1486,elephant
1487,dog
1488,elephant
1489,person
1490,dog
1491,elephant
1492,horse
1493,dog
1494,guitar
1495,horse
1496,horse
1497,horse
1498,guitar
1499,dog
1500,guitar
1501,horse
1502,horse
1503,elephant
1504,dog
1505,elephant
1506,guitar
1507,guitar
1508,horse
1509,giraffe
1510,guitar
1511,elephant
1512,horse
1513,dog
1514,horse
1515,dog
1516,horse
1517,horse
1518,guitar
1519,dog
1520,horse
1521,guitar
1522,guitar
1523,person
1524,guitar
1525,elephant
1526,elephant
1527,horse
1528,horse
1529,horse
1530,horse
1531,person
1532,guitar
1533,elephant
1534,elephant
1535,dog
1536,person
1537,elephant
1538,guitar
1539,guitar
1540,elephant
1541,guitar
1542,horse
1543,horse
1544,dog
1545,dog
1546,horse
1547,elephant
1548,elephant
1549,elephant
1550,horse
1551,elephant
1552,elephant
1553,horse
1554,dog
1555,dog
1556,elephant
1557,horse
1558,horse
1559,person
1560,horse
1561,elephant
1562,horse
1563,horse
1564,dog
1565,horse
1566,horse
1567,elephant
1568,guitar
1569,horse
1570,giraffe
1571,elephant
1572,elephant
1573,dog
1574,elephant
1575,guitar
1576,horse
1577,horse
1578,person
1579,horse
1580,elephant
1581,horse
1582,horse
1583,dog
1584,horse
1585,guitar
1586,dog
1587,elephant
1588,elephant
1589,person
1590,guitar
1591,guitar
1592,horse
1593,horse
1594,guitar
1595,elephant
1596,horse
1597,guitar
1598,guitar
1599,dog
1600,elephant
1601,horse
1602,dog
1603,elephant
1604,giraffe
1605,person
1606,elephant
1607,guitar
1608,horse
1609,elephant
1610,person
1611,horse
1612,guitar
1613,giraffe
1614,guitar
1615,horse
1616,horse
1617,horse
1618,dog
1619,elephant
1620,horse
1621,horse
1622,guitar
1623,horse
1624,guitar
1625,horse
1626,person
1627,dog
1628,dog
1629,horse
1630,horse
1631,guitar
1632,dog
1633,dog
1634,elephant
1635,guitar
1636,person
1637,guitar
1638,horse
1639,horse
1640,guitar
1641,elephant
1642,dog
1643,dog
1644,person
1645,house
1646,dog
1647,dog
1648,dog
1649,guitar
1650,guitar
1651,elephant
1652,dog
1653,elephant
1654,horse
1655,guitar
1656,person
1657,horse
1658,horse
1659,horse
1660,elephant
1661,guitar
1662,horse
1663,elephant
1664,guitar
1665,guitar
1666,elephant
1667,dog
1668,guitar
1669,elephant
1670,elephant
1671,horse
1672,elephant
1673,horse
1674,horse
1675,person
1676,guitar
1677,elephant
1678,horse
1679,dog
1680,dog
1681,horse
1682,guitar
1683,guitar
1684,person
1685,horse
1686,elephant
1687,dog
1688,horse
1689,guitar
1690,horse
1691,horse
1692,horse
1693,elephant
1694,dog
1695,horse
1696,horse
1697,horse
1698,horse
1699,person
1700,elephant
1701,person
1702,horse
1703,dog
1704,guitar
1705,elephant
1706,elephant
1707,horse
1708,elephant
1709,dog
1710,elephant
1711,elephant
1712,dog
1713,dog
1714,giraffe
1715,dog
1716,guitar
1717,dog
1718,horse
1719,guitar
1720,horse
1721,elephant
1722,horse
1723,elephant
1724,person
1725,horse
1726,horse
1727,elephant
1728,horse
1729,guitar
1730,guitar
1731,elephant
1732,elephant
1733,elephant
1734,horse
1735,person
1736,dog
1737,elephant
1738,person
1739,dog
1740,horse
1741,horse
1742,horse
1743,horse
1744,horse
1745,horse
1746,horse
1747,dog
1748,horse
1749,elephant
1750,horse
1751,person
1752,elephant
1753,horse
1754,horse
1755,elephant
1756,horse
1757,horse
1758,dog
1759,horse
1760,horse
1761,horse
1762,dog
1763,dog
1764,horse
1765,horse
1766,dog
1767,guitar
1768,elephant
1769,horse
1770,horse
1771,horse
1772,elephant
1773,dog
1774,horse
1775,elephant
1776,giraffe
1777,horse
1778,elephant
1779,guitar
1780,elephant
1781,horse
1782,horse
1783,horse
1784,person
1785,dog
1786,horse
1787,guitar
1788,person
1789,dog
1790,elephant
1791,horse
1792,dog
1793,dog
1794,horse
1795,horse
1796,horse
1797,horse
1798,horse
1799,horse
1800,horse
1801,dog
1802,horse
1803,guitar
1804,horse
1805,horse
1806,elephant
1807,elephant
1808,elephant
1809,guitar
1810,horse
1811,dog
1812,elephant
1813,elephant
1814,horse
1815,horse
1816,elephant
1817,dog
1818,horse
1819,horse
1820,horse
1821,guitar
1822,dog
1823,horse
1824,elephant
1825,horse
1826,elephant
1827,horse
1828,guitar
1829,horse
1830,horse
1831,dog
1832,horse
1833,guitar
1834,horse
1835,elephant
1836,horse
1837,horse
1838,dog
1839,elephant
1840,person
1841,horse
1842,guitar
1843,guitar
1844,dog
1845,person
1846,elephant
1847,horse
1848,person
1849,horse
1850,dog
1851,guitar
1852,dog
1853,dog
1854,elephant
1855,guitar
1856,dog
1857,guitar
1858,guitar
1859,horse
1860,elephant
1861,horse
1862,guitar
1863,guitar
1864,guitar
1865,horse
1866,horse
1867,horse
1868,horse
1869,person
1870,horse
1871,person
1872,giraffe
1873,elephant
1874,elephant
1875,dog
1876,guitar
1877,elephant
1878,dog
1879,horse
1880,horse
1881,elephant
1882,guitar
1883,guitar
1884,horse
1885,guitar
1886,person
1887,dog
1888,guitar
1889,horse
1890,horse
1891,guitar
1892,person
1893,elephant
1894,dog
1895,horse
1896,elephant
1897,horse
1898,elephant
1899,elephant
1900,horse
1901,horse
1902,dog
1903,guitar
1904,elephant
1905,horse
1906,dog
1907,elephant
1908,dog
1909,dog
1910,horse
1911,guitar
1912,dog
1913,horse
1914,elephant
1915,horse
1916,horse
1917,horse
1918,elephant
1919,guitar
1920,elephant
1921,guitar
1922,person
1923,horse
1924,horse
1925,elephant
1926,guitar
1927,elephant
1928,dog
1929,horse
1930,dog
1931,person
1932,guitar
1933,horse
1934,elephant
1935,horse
1936,horse
1937,horse
1938,horse
1939,horse
1940,horse
1941,dog
1942,giraffe
1943,dog
1944,horse
1945,horse
1946,guitar
1947,dog
1948,horse
1949,guitar
1950,person
1951,elephant
1952,horse
1953,person
1954,elephant
1955,dog
1956,horse
1957,dog
1958,horse
1959,horse
1960,horse
1961,horse
1962,dog
1963,guitar
1964,giraffe
1965,horse
1966,elephant
1967,dog
1968,horse
1969,dog
1970,horse
1971,horse
1972,elephant
1973,horse
1974,horse
1975,horse
1976,dog
1977,guitar
1978,elephant
1979,dog
1980,dog
1981,giraffe
1982,dog
1983,horse
1984,guitar
1985,guitar
1986,horse
1987,person
1988,elephant
1989,guitar
1990,person
1991,elephant
1992,horse
1993,guitar
1994,elephant
1995,guitar
1996,horse
1997,guitar
1998,guitar
1999,elephant
2000,elephant
2001,giraffe
2002,dog
2003,elephant
2004,elephant
2005,dog
2006,dog
2007,dog
2008,person
2009,horse
2010,person
2011,horse
2012,horse
2013,person
2014,horse
2015,horse
2016,horse
2017,horse
2018,guitar
2019,dog
2020,elephant
2021,elephant
2022,horse
2023,person
2024,elephant
2025,horse
2026,horse
2027,guitar
2028,guitar
2029,guitar
2030,elephant
2031,elephant
2032,horse
2033,elephant
2034,dog
2035,guitar
2036,person
2037,elephant
2038,horse
2039,elephant
2040,horse
2041,person
2042,guitar
2043,guitar
2044,horse
2045,guitar
2046,elephant
2047,horse
2048,elephant
2049,horse
2050,guitar
2051,horse
2052,horse
2053,giraffe
2054,person
2055,horse
2056,guitar
2057,person
2058,horse
2059,person
2060,dog
2061,guitar
2062,elephant
2063,horse
2064,horse
2065,horse
2066,elephant
2067,person
2068,horse
2069,guitar
2070,dog
2071,person
2072,horse
2073,person
2074,dog
2075,person
2076,person
2077,guitar
2078,horse
2079,horse
2080,person
2081,horse
2082,guitar
2083,horse
2084,horse
2085,elephant
2086,guitar
2087,horse
2088,guitar
2089,dog
2090,dog
2091,guitar
2092,guitar
2093,guitar
2094,horse
2095,dog
2096,horse
2097,elephant
2098,horse
2099,guitar
2100,dog
2101,horse
2102,horse
2103,dog
2104,horse
2105,elephant
2106,guitar
2107,elephant
2108,dog
2109,elephant
2110,horse
2111,horse
2112,horse
2113,elephant
2114,guitar
2115,elephant
2116,guitar
2117,horse
2118,elephant
2119,guitar
2120,elephant
2121,horse
2122,guitar
2123,elephant
2124,elephant
2125,giraffe
2126,horse
2127,horse
2128,horse
2129,guitar
2130,guitar
2131,guitar
2132,elephant
2133,person
2134,elephant
2135,person
2136,guitar
2137,horse
2138,horse
2139,horse
2140,guitar
2141,dog
2142,elephant
2143,dog
2144,elephant
2145,guitar
2146,dog
2147,guitar
2148,horse
2149,elephant
2150,dog
2151,horse
2152,horse
2153,horse
2154,dog
2155,horse
2156,elephant
2157,horse
2158,horse
2159,horse
2160,dog
2161,elephant
2162,horse
2163,elephant
2164,elephant
2165,horse
2166,person
2167,horse
2168,person
2169,horse
2170,elephant
2171,person
2172,horse
2173,horse
2174,dog
2175,horse
2176,elephant
2177,elephant
2178,horse
2179,horse
2180,elephant
2181,elephant
2182,elephant
2183,dog
2184,dog
2185,horse
2186,horse
2187,elephant
2188,dog
2189,elephant
2190,horse
2191,horse
2192,elephant
2193,horse
2194,horse
2195,elephant
2196,dog
2197,person
2198,guitar
2199,horse
2200,horse
2201,horse
2202,person
2203,person
2204,dog
2205,elephant
2206,horse
2207,elephant
2208,elephant
2209,dog
2210,horse
2211,dog
2212,person
2213,dog
2214,horse
2215,horse
2216,horse
2217,person
2218,guitar
2219,horse
2220,horse
2221,dog
2222,guitar
2223,horse
2224,horse
2225,guitar
2226,horse
2227,horse
2228,horse
2229,guitar
2230,horse
2231,horse
2232,dog
2233,elephant
2234,horse
2235,giraffe
2236,horse
2237,horse
2238,horse
2239,dog
2240,elephant
2241,horse
2242,elephant
2243,elephant
2244,dog
2245,guitar
2246,guitar
2247,dog
2248,horse
2249,horse
2250,horse
2251,elephant
2252,person
2253,guitar
2254,elephant
2255,elephant
2256,guitar
2257,elephant
2258,horse
2259,guitar
2260,guitar
2261,guitar
2262,horse
2263,dog
2264,horse
2265,guitar
2266,guitar
2267,elephant
2268,horse
2269,dog
2270,elephant
2271,dog
2272,elephant
2273,elephant
2274,dog
2275,person
2276,horse
2277,dog
2278,elephant
2279,dog
2280,horse
2281,horse
2282,horse
2283,horse
2284,elephant
2285,horse
2286,guitar
2287,person
2288,elephant
2289,elephant
2290,elephant
2291,guitar
2292,person
2293,horse
2294,person
2295,horse
2296,horse
2297,elephant
2298,horse
2299,dog
2300,horse
2301,horse
2302,horse
2303,horse
2304,horse
2305,guitar
2306,elephant
2307,dog
2308,elephant
2309,dog
2310,horse
2311,guitar
2312,horse
2313,dog
2314,guitar
2315,dog
2316,elephant
2317,guitar
2318,dog
2319,person
2320,person
2321,guitar
2322,horse
2323,elephant
2324,dog
2325,guitar
2326,elephant
2327,horse
2328,elephant
2329,horse
2330,horse
2331,guitar
2332,giraffe
2333,guitar
2334,elephant
2335,elephant
2336,elephant
2337,elephant
2338,horse
2339,person
2340,guitar
2341,horse
2342,dog
2343,person
2344,person
2345,elephant
2346,person
2347,elephant
2348,person
2349,horse
2350,horse
2351,guitar
2352,horse
2353,horse
2354,horse
2355,dog
2356,horse
2357,horse
2358,horse
2359,guitar
2360,person
2361,dog
2362,person
2363,horse
2364,horse
2365,horse
2366,person
2367,horse
2368,dog
2369,horse
2370,elephant
2371,horse
2372,elephant
2373,person
2374,dog
2375,dog
2376,guitar
2377,elephant
2378,horse
2379,dog
2380,horse
2381,guitar
2382,dog
2383,person
2384,horse
2385,horse
2386,guitar
2387,elephant
2388,horse
2389,guitar
2390,horse
2391,dog
2392,horse
2393,horse
2394,horse
2395,horse
2396,elephant
2397,guitar
2398,horse
2399,person
2400,elephant
2401,guitar
2402,horse
2403,elephant
2404,guitar
2405,horse
2406,horse
2407,horse
2408,horse
2409,elephant
2410,dog
2411,elephant
2412,horse
2413,horse
2414,elephant
2415,person
2416,horse
2417,horse
2418,horse
2419,elephant
2420,person
2421,elephant
2422,guitar
2423,guitar
2424,horse
2425,elephant
2426,horse
2427,guitar
2428,elephant
2429,guitar
2430,person
2431,elephant
2432,guitar
2433,horse
2434,guitar
2435,guitar
2436,dog
2437,horse
2438,giraffe
2439,horse
2440,dog
2441,horse
2442,horse
2443,elephant
2444,dog
2445,elephant
2446,elephant
2447,horse
2448,horse
2449,elephant
2450,guitar
2451,guitar
2452,horse
2453,elephant
2454,guitar
2455,giraffe
2456,person
2457,horse
2458,elephant
2459,person
2460,elephant
2461,elephant
2462,elephant
2463,elephant
2464,person
2465,dog
2466,elephant
2467,horse
2468,elephant
2469,elephant
2470,guitar
2471,dog
2472,elephant
2473,elephant
2474,guitar
2475,elephant
2476,dog
2477,horse
2478,person
2479,guitar
2480,horse
2481,elephant
2482,elephant
2483,horse
2484,elephant
2485,person
2486,elephant
2487,horse
2488,elephant
2489,horse
2490,person
2491,horse
2492,elephant
2493,dog
2494,horse
2495,horse
2496,guitar
2497,dog
2498,elephant
2499,guitar
2500,horse
2501,elephant
2502,horse
2503,dog
2504,elephant
2505,person
2506,dog
2507,horse
2508,horse
2509,guitar
2510,horse
2511,horse
2512,horse
2513,dog
2514,guitar
2515,elephant
2516,horse
2517,guitar
2518,horse
2519,horse
2520,guitar
2521,elephant
2522,dog
2523,dog
2524,person
2525,elephant
2526,dog
2527,guitar
2528,dog
2529,horse
2530,person
2531,horse
2532,guitar
2533,guitar
2534,elephant
2535,horse
2536,elephant
2537,dog
2538,dog
2539,horse
2540,dog
2541,elephant
2542,person
2543,horse
2544,horse
2545,horse
2546,guitar
2547,dog
2548,guitar
2549,horse
2550,horse
2551,horse
2552,horse
2553,dog
2554,elephant
2555,horse
2556,horse
2557,dog
2558,person
2559,elephant
2560,horse
2561,dog
2562,dog
2563,giraffe
2564,elephant
2565,guitar
2566,horse
2567,horse
2568,horse
2569,dog
2570,person
2571,person
2572,elephant
2573,dog
2574,horse
2575,dog
2576,elephant
2577,horse
2578,horse
2579,horse
2580,dog
2581,guitar
2582,guitar
2583,horse
2584,elephant
2585,person
2586,elephant
2587,horse
2588,person
2589,elephant
2590,person
2591,elephant
2592,guitar
2593,guitar
2594,horse
2595,horse
2596,guitar
2597,horse
2598,elephant
2599,elephant
2600,elephant
2601,person
2602,guitar
2603,guitar
2604,guitar
2605,elephant
2606,person
2607,elephant
2608,elephant
2609,horse
2610,elephant
2611,horse
2612,guitar
2613,elephant
2614,horse
2615,dog
2616,elephant
2617,giraffe
2618,guitar
2619,guitar
2620,guitar
2621,elephant
2622,elephant
2623,elephant
2624,horse
2625,horse
2626,person
2627,guitar
2628,horse
2629,elephant
2630,elephant
2631,elephant
2632,guitar
2633,horse
2634,elephant
2635,horse
2636,horse
2637,dog
2638,horse
2639,horse
2640,dog
2641,elephant
2642,person
2643,horse
2644,horse
2645,horse
2646,elephant
2647,elephant
2648,horse
2649,elephant
2650,horse
2651,elephant
2652,elephant
2653,horse
2654,horse
2655,elephant
2656,horse
2657,horse
2658,dog
2659,elephant
2660,horse
2661,horse
2662,horse
2663,elephant
2664,horse
2665,horse
2666,dog
2667,horse
2668,person
2669,guitar
2670,horse
2671,horse
2672,horse
2673,guitar
2674,horse
2675,guitar
2676,horse
2677,elephant
2678,guitar
2679,horse
2680,guitar
2681,elephant
2682,horse
2683,dog
2684,horse
2685,horse
2686,guitar
2687,horse
2688,guitar
2689,elephant
2690,guitar
2691,guitar
2692,elephant
2693,horse
2694,horse
2695,horse
2696,horse
2697,guitar
2698,dog
2699,person
2700,dog
2701,horse
2702,guitar
2703,elephant
2704,horse
2705,guitar
2706,elephant
2707,dog
2708,giraffe
2709,person
2710,elephant
2711,horse
2712,horse
2713,dog
2714,guitar
2715,guitar
2716,dog
2717,guitar
2718,horse
2719,person
2720,dog
2721,person
2722,person
2723,elephant
2724,horse
2725,dog
2726,elephant
2727,person
2728,elephant
2729,elephant
2730,horse
2731,dog
2732,person
2733,guitar
2734,horse
2735,person
2736,elephant
2737,guitar
2738,horse
2739,guitar
2740,horse
2741,dog
2742,dog
2743,guitar
2744,person
2745,elephant
2746,guitar
2747,horse
2748,horse
2749,dog
2750,horse
2751,horse
2752,horse
2753,house
2754,guitar
2755,horse
2756,giraffe
2757,elephant
2758,elephant
2759,horse
2760,elephant
2761,elephant
2762,guitar
2763,dog
2764,horse
2765,elephant
2766,horse
2767,person
2768,elephant
2769,guitar
2770,dog
2771,elephant
2772,horse
2773,person
2774,elephant
2775,horse
2776,horse
2777,horse
2778,elephant
2779,horse
2780,horse
2781,dog
2782,elephant
2783,person
2784,horse
2785,dog
2786,horse
2787,horse
2788,horse
2789,horse
2790,horse
2791,guitar
2792,elephant
2793,horse
2794,guitar
2795,horse
2796,horse
2797,guitar
2798,dog
2799,horse
2800,elephant
2801,guitar
2802,dog
2803,dog
2804,horse
2805,elephant
2806,elephant
2807,dog
2808,elephant
2809,guitar
2810,horse
2811,elephant
2812,horse
2813,horse
2814,elephant
2815,horse
2816,guitar
2817,horse
2818,person
2819,elephant
2820,horse
2821,horse
2822,elephant
2823,guitar
2824,horse
2825,guitar
2826,elephant
2827,person
2828,guitar
2829,horse
2830,person
2831,person
2832,dog
2833,horse
2834,horse
2835,guitar
2836,guitar
2837,guitar
2838,guitar
2839,person
2840,horse
2841,dog
2842,elephant
2843,person
2844,horse
2845,elephant
2846,guitar
2847,horse
2848,horse
2849,horse
2850,dog
2851,horse
2852,elephant
2853,guitar
2854,horse
2855,horse
2856,horse
2857,elephant
2858,horse
2859,horse
2860,horse
2861,guitar
2862,dog
2863,dog
2864,dog
2865,guitar
2866,guitar
2867,dog
2868,guitar
2869,dog
2870,guitar
2871,guitar
2872,horse
2873,dog
2874,horse
2875,guitar
2876,elephant
2877,person
2878,horse
2879,elephant
2880,horse
2881,horse
2882,guitar
2883,elephant
2884,horse
2885,elephant
2886,dog
2887,elephant
2888,guitar
2889,guitar
2890,horse
2891,person
2892,elephant
2893,horse
2894,horse
2895,horse
2896,guitar
2897,elephant
2898,horse
2899,elephant
2900,elephant
2901,dog
2902,elephant
2903,dog
2904,horse
2905,horse
2906,elephant
2907,elephant
2908,horse
2909,elephant
2910,elephant
2911,horse
2912,horse
2913,dog
2914,horse
2915,horse
2916,person
2917,horse
2918,horse
2919,guitar
2920,guitar
2921,horse
2922,horse
2923,horse
2924,horse
2925,horse
2926,giraffe
2927,person
2928,horse
2929,person
2930,horse
2931,horse
2932,elephant
2933,guitar
2934,person
2935,dog
2936,dog
2937,house
2938,horse
2939,dog
2940,giraffe
2941,dog
2942,horse
2943,elephant
2944,guitar
2945,person
2946,guitar
2947,elephant
2948,guitar
2949,horse
2950,guitar
2951,horse
2952,elephant
2953,elephant
2954,elephant
2955,person
2956,horse
2957,horse
2958,elephant
2959,horse
2960,horse
2961,horse
2962,dog
2963,guitar
2964,person
2965,elephant
2966,guitar
2967,guitar
2968,horse
2969,horse
2970,dog
2971,dog
2972,horse
2973,dog
2974,horse
2975,guitar
2976,elephant
2977,dog
2978,elephant
2979,guitar
2980,elephant
2981,elephant
2982,horse
2983,dog
2984,person
2985,guitar
2986,elephant
2987,guitar
2988,guitar
2989,dog
2990,guitar
2991,horse
2992,dog
2993,horse
2994,elephant
2995,giraffe
2996,dog
2997,dog
2998,dog
2999,guitar
3000,guitar
3001,person
3002,elephant
3003,dog
3004,horse
3005,person
3006,guitar
3007,guitar
3008,horse
3009,dog
3010,horse
3011,dog
3012,elephant
3013,dog
3014,giraffe
3015,person
3016,horse
3017,elephant
3018,horse
3019,horse
3020,elephant
3021,guitar
3022,dog
3023,horse
3024,horse
3025,horse
3026,horse
3027,horse
3028,guitar
3029,guitar
3030,dog
3031,horse
3032,horse
3033,guitar
3034,guitar
3035,horse
3036,dog
3037,dog
3038,elephant
3039,dog
3040,person
3041,horse
3042,dog
3043,horse
3044,person
3045,guitar
3046,elephant
3047,person
3048,guitar
3049,elephant
3050,horse
3051,dog
3052,house
3053,guitar
3054,dog
3055,dog
3056,dog
3057,horse
3058,elephant
3059,person
3060,horse
3061,horse
3062,dog
3063,elephant
3064,elephant
3065,guitar
3066,guitar
3067,horse
3068,guitar
3069,dog
3070,dog
3071,dog
3072,guitar
3073,person
3074,person
3075,horse
3076,guitar
3077,person
3078,dog
3079,guitar
3080,guitar
3081,horse
3082,horse
3083,horse
3084,horse
3085,horse
3086,guitar
3087,elephant
3088,elephant
3089,horse
3090,horse
3091,elephant
3092,elephant
3093,horse
3094,horse
3095,horse
3096,horse
3097,horse
3098,elephant
3099,dog
3100,elephant
3101,horse
3102,horse
3103,horse
3104,horse
3105,horse
3106,dog
3107,horse
3108,elephant
3109,guitar
3110,dog
3111,guitar
3112,dog
3113,person
3114,guitar
3115,person
3116,horse
3117,horse
3118,elephant
3119,horse
3120,horse
3121,elephant
3122,dog
3123,horse
3124,horse
3125,person
3126,person
3127,horse
3128,horse
3129,guitar
3130,elephant
3131,guitar
3132,guitar
3133,guitar
3134,dog
3135,person
3136,horse
3137,elephant
3138,elephant
3139,elephant
3140,elephant
3141,guitar
3142,person
3143,elephant
3144,guitar
3145,dog
3146,horse
3147,guitar
3148,guitar
3149,elephant
3150,dog
3151,horse
3152,dog
3153,person
3154,elephant
3155,dog
3156,guitar
3157,dog
3158,person
3159,elephant
3160,elephant
3161,horse
3162,elephant
3163,horse
3164,horse
3165,dog
3166,horse
3167,person
3168,horse
3169,elephant
3170,horse
3171,elephant
3172,elephant
3173,guitar
3174,elephant
3175,person
3176,guitar
3177,elephant
3178,elephant
3179,dog
3180,guitar
3181,horse
3182,dog
3183,dog
3184,person
3185,dog
3186,horse
3187,horse
3188,horse
3189,horse
3190,guitar
3191,elephant
3192,horse
3193,elephant
3194,horse
3195,elephant
3196,guitar
3197,dog
3198,dog
3199,horse
3200,horse
3201,guitar
3202,elephant
3203,horse
3204,horse
3205,elephant
3206,elephant
3207,giraffe
3208,horse
3209,horse
3210,horse
3211,elephant
3212,horse
3213,horse
3214,guitar
3215,dog
3216,horse
3217,horse
3218,horse
3219,person
3220,elephant
3221,horse
3222,elephant
3223,guitar
3224,person
3225,guitar
3226,person
3227,elephant
3228,dog
3229,dog
3230,horse
3231,guitar
3232,elephant
3233,horse
3234,horse
3235,giraffe
3236,elephant
3237,dog
3238,elephant
3239,horse
3240,horse
3241,horse
3242,dog
3243,horse
3244,horse
3245,dog
3246,horse
3247,horse
3248,horse
3249,person
3250,person
3251,guitar
3252,elephant
3253,dog
3254,guitar
3255,horse
3256,elephant
3257,guitar
3258,dog
3259,person
3260,elephant
3261,guitar
3262,person
3263,horse
3264,elephant
3265,giraffe
3266,guitar
3267,horse
3268,elephant
3269,horse
3270,dog
3271,horse
3272,horse
3273,horse
3274,horse
3275,horse
3276,elephant
3277,horse
3278,person
3279,guitar
3280,dog
3281,dog
3282,dog
3283,horse
3284,person
3285,elephant
3286,guitar
3287,horse
3288,horse
3289,person
3290,horse
3291,dog
3292,horse
3293,horse
3294,horse
3295,person
3296,elephant
3297,dog
3298,person
3299,person
3300,elephant
3301,guitar
3302,elephant
3303,guitar
3304,horse
3305,horse
3306,elephant
3307,horse
3308,dog
3309,elephant
3310,elephant
3311,dog
3312,guitar
3313,guitar
3314,dog
3315,guitar
3316,elephant
3317,guitar
3318,horse
3319,elephant
3320,guitar
3321,dog
3322,elephant
3323,horse
3324,horse
3325,person
3326,dog
3327,horse
3328,horse
3329,dog
3330,dog
3331,elephant
3332,horse
3333,horse
3334,horse
3335,person
3336,guitar
3337,elephant
3338,horse
3339,horse
3340,horse
3341,person
3342,elephant
3343,horse
3344,horse
3345,horse
3346,horse
3347,horse
3348,horse
3349,elephant
3350,guitar
3351,horse
3352,horse
3353,horse
3354,dog
3355,guitar
3356,horse
3357,guitar
3358,horse
3359,guitar
3360,guitar
3361,dog
3362,dog
3363,elephant
3364,horse
3365,person
3366,horse
3367,horse
3368,dog
3369,horse
3370,guitar
3371,elephant
3372,dog
3373,person
3374,guitar
3375,horse
3376,horse
3377,guitar
3378,guitar
3379,horse
3380,guitar
3381,horse
3382,dog
3383,horse
3384,guitar
3385,guitar
3386,horse
3387,guitar
3388,dog
3389,horse
3390,horse
3391,person
3392,guitar
3393,guitar
3394,dog
3395,horse
3396,horse
3397,horse
3398,guitar
3399,guitar
3400,horse
3401,horse
3402,guitar
3403,guitar
3404,horse
3405,elephant
3406,elephant
3407,person
3408,elephant
3409,elephant
3410,horse
3411,horse
3412,person
3413,horse
3414,elephant
3415,horse
3416,horse
3417,horse
3418,horse
3419,horse
3420,elephant
3421,horse
3422,guitar
3423,person
3424,guitar
3425,guitar
3426,guitar
3427,person
3428,elephant
3429,person
3430,horse
3431,elephant
3432,elephant
3433,horse
3434,horse
3435,horse
3436,dog
3437,dog
3438,guitar
3439,horse
3440,dog
3441,elephant
3442,horse
3443,dog
3444,person
3445,dog
3446,horse
3447,guitar
3448,dog
3449,horse
3450,elephant
3451,dog
3452,horse
3453,horse
3454,guitar
3455,elephant
3456,dog
3457,elephant
3458,horse
3459,horse
3460,elephant
3461,horse
3462,dog
3463,horse
3464,horse
3465,dog
3466,dog
3467,person
3468,guitar
3469,guitar
3470,elephant
3471,dog
3472,elephant
3473,guitar
3474,guitar
3475,horse
3476,horse
3477,guitar
3478,giraffe
3479,horse
3480,horse
3481,horse
3482,horse
3483,guitar
3484,dog
3485,guitar
3486,dog
3487,horse
3488,dog
3489,elephant
3490,horse
3491,horse
3492,horse
3493,horse
3494,elephant
3495,horse
3496,elephant
3497,elephant
3498,horse
3499,horse
3500,guitar
3501,elephant
3502,elephant
3503,horse
3504,elephant
3505,horse
3506,horse
3507,elephant
3508,dog
3509,horse
3510,horse
3511,dog
3512,horse
3513,horse
3514,horse
3515,guitar
3516,horse
3517,elephant
3518,horse
3519,person
3520,elephant
3521,guitar
3522,guitar
3523,horse
3524,person
3525,elephant
3526,horse
3527,person
3528,horse
3529,horse
3530,elephant
3531,elephant
3532,person
3533,elephant
3534,horse
3535,elephant
3536,giraffe
3537,guitar
3538,horse
3539,horse
3540,horse
3541,elephant
3542,horse
3543,elephant
3544,dog
3545,person
3546,elephant
3547,elephant
3548,person
3549,horse
3550,guitar
3551,horse
3552,person
3553,horse
3554,horse
3555,horse
3556,guitar
3557,elephant
3558,person
3559,horse
3560,dog
3561,person
3562,elephant
3563,horse
3564,dog
3565,dog
3566,dog
3567,dog
3568,horse
3569,horse
3570,guitar
3571,elephant
3572,guitar
3573,horse
3574,guitar
3575,dog
3576,dog
3577,person
3578,horse
3579,elephant
3580,elephant
3581,guitar
3582,elephant
3583,elephant
3584,guitar
3585,person
3586,horse
3587,elephant
3588,horse
3589,person
3590,dog
3591,horse
3592,guitar
3593,guitar
3594,horse
3595,dog
3596,elephant
3597,horse
3598,horse
3599,dog
3600,horse
3601,horse
3602,horse
3603,horse
3604,guitar
3605,elephant
3606,elephant
3607,elephant
3608,horse
3609,elephant
3610,horse
3611,horse
3612,horse
3613,horse
3614,elephant
3615,horse
3616,guitar
3617,dog
3618,horse
3619,dog
3620,guitar
3621,dog
3622,person
3623,horse
3624,horse
3625,elephant
3626,horse
3627,guitar
3628,horse
3629,dog
3630,guitar
3631,horse
3632,elephant
3633,guitar
3634,horse
3635,horse
3636,dog
3637,horse
3638,horse
3639,horse
3640,elephant
3641,guitar
3642,guitar
3643,horse
3644,horse
3645,dog
3646,elephant
3647,horse
3648,elephant
3649,horse
3650,elephant
3651,elephant
3652,elephant
3653,horse
3654,elephant
3655,horse
3656,horse
3657,horse
3658,dog
3659,elephant
3660,horse
3661,person
3662,dog
3663,horse
3664,guitar
3665,guitar
3666,dog
3667,guitar
3668,dog
3669,horse
3670,guitar
3671,horse
3672,guitar
3673,giraffe
3674,elephant
3675,horse
3676,guitar
3677,elephant
3678,person
3679,dog
3680,elephant
3681,horse
3682,guitar
3683,horse
3684,horse
3685,horse
3686,house
3687,horse
3688,elephant
3689,horse
3690,horse
3691,elephant
3692,dog
3693,person
3694,person
3695,elephant
3696,dog
3697,elephant
3698,horse
3699,dog
3700,horse
3701,horse
3702,horse
3703,horse
3704,guitar
3705,horse
3706,horse
3707,horse
3708,horse
3709,elephant
3710,elephant
3711,person
3712,horse
3713,dog
3714,horse
3715,person
3716,guitar
3717,guitar
3718,elephant
3719,horse
3720,person
3721,horse
3722,elephant
3723,guitar
3724,dog
3725,elephant
3726,dog
3727,elephant
3728,horse
3729,elephant
3730,dog
3731,horse
3732,horse
3733,horse
3734,horse
3735,horse
3736,giraffe
3737,dog
3738,person
3739,guitar
3740,horse
3741,dog
3742,dog
3743,person
3744,horse
3745,elephant
3746,horse
3747,horse
3748,horse
3749,horse
3750,horse
3751,horse
3752,elephant
3753,horse
3754,elephant
3755,horse
3756,horse
3757,dog
3758,person
3759,guitar
3760,guitar
3761,dog
3762,elephant
3763,horse
3764,elephant
3765,elephant
3766,guitar
3767,elephant
3768,horse
3769,person
3770,guitar
3771,giraffe
3772,elephant
3773,horse
3774,person
3775,horse
3776,horse
3777,elephant
3778,elephant
3779,horse
3780,horse
3781,elephant
3782,horse
3783,horse
3784,elephant
3785,dog
3786,person
3787,dog
3788,dog
3789,horse
3790,horse
3791,horse
3792,dog
3793,horse
3794,horse
3795,guitar
3796,horse
3797,guitar
3798,horse
3799,dog
3800,elephant
3801,horse
3802,guitar
3803,person
3804,elephant
3805,elephant
3806,horse
3807,guitar
3808,horse
3809,elephant
3810,horse
3811,guitar
3812,horse
3813,elephant
3814,dog
3815,elephant
3816,dog
3817,dog
3818,elephant
3819,horse
3820,person
3821,dog
3822,horse
3823,elephant
3824,person
3825,dog
3826,dog
3827,guitar
3828,person
3829,horse
3830,guitar
3831,horse
3832,elephant
3833,elephant
3834,horse
3835,guitar
3836,elephant
3837,horse
3838,guitar
3839,person
3840,guitar
3841,horse
3842,horse
3843,elephant
3844,elephant
3845,elephant
3846,horse
3847,horse
3848,horse
3849,guitar
3850,guitar
3851,guitar
3852,horse
3853,horse
3854,guitar
3855,dog
3856,horse
3857,guitar
3858,elephant
3859,horse
3860,guitar
3861,horse
3862,elephant
3863,dog
3864,horse
3865,horse
3866,horse
3867,horse
3868,elephant
3869,elephant
3870,dog
3871,guitar
3872,horse
3873,elephant
3874,horse
3875,elephant
3876,horse
3877,dog
3878,elephant
3879,person
3880,guitar
3881,dog
3882,elephant
3883,person
3884,dog
3885,elephant
3886,horse
3887,elephant
3888,horse
3889,guitar
3890,guitar
3891,horse
3892,horse
3893,dog
3894,elephant
3895,elephant
3896,person
3897,person
3898,horse
3899,horse
3900,person
3901,dog
3902,horse
3903,giraffe
3904,person
3905,elephant
3906,dog
3907,person
3908,dog
3909,dog
3910,horse
3911,horse
3912,person
3913,horse
3914,guitar
3915,horse
3916,horse
3917,horse
3918,dog
3919,horse
3920,horse
3921,horse
3922,horse
3923,elephant
3924,elephant
3925,guitar
3926,guitar
3927,guitar
3928,guitar
